vpr_id,criterion,criterion_description,weight_level,platform_focus,low_score_signature,high_score_signature,red_flag_if_missing,uplift_strategies,notes
VPR-0001,hook_clarity,how_easy_it_is_to_understand_the_main_idea,critical,both,listener_cannot_tell_what_song_is_about,one_line_summaries_song_feel,forgettable_clip,shorten_hook_phrase_and_remove_extra_images,aim_for_one_clear_image_or_statement
VPR-0002,replay_value,how_much_people_want_to_hear_it_again,high,tiktok,no_specific_moment_worth_repeating,obvious_line_or_sound_to_replay,scrolled_past,add_surprising_word_or_rhythm_and_emphasize_it,loop_friendly_structure_helps
VPR-0003,emotional_punch,intensity_of_feeling_delivered_in_short_time,high,both,emotion_feels_flat_or_generic,clear_feeling_hit_in_one_or_two_lines,no_share_motive,sharpen_emotional_angle_and_cut_filler,focus_on_one_specific_situation
VPR-0004,meme_potential,how_easily_it_can_be_used_in_different_contexts,medium,tiktok,too_specific_to_single_story,relatable_line_fitting_many_scenarios,limited_spread_beyond_niche,broaden_language_and_remove_true_names,use_open_ended_phrases
VPR-0005,originality,how_distinct_it_feels_from_existing_trends,high,both,feels_like_copy_of_recent_viral_clip,recognizable_but_fresh_take_on_pattern,viewer_calls_it_ripoff,change_imagery_rhythm_or_structure,lean_into_uncommon_combination
VPR-0006,singability,how_easy_it_is_to_sing_orchant_along,medium,both,awkward_wording_or_pacing,comfortable_syllable_flow,low_audience_participation,simplify_syllable_count_and_rhythm,align_stresses_with_beat
VPR-0007,loop_seam,how_cleanly_clip_can_loop_without_jarring_end,medium,tiktok,noticeable_cut_ordead_space,clip_feels_like_infinite_circle,clip_feels_one_time_only,adjust_start_and_end_so_first_and_last_beat_match,write_hook_line_that_wraps_around
VPR-0008,trend_alignment,how_well_it_sits_near_current_trends_without_copying,medium,tiktok,completely_disconnected_from_current_vibes,recognizable_family_but_twisted_to_own_thing,harder_to_get_initial_pickup,borrow_one_element_from_trend_andchange_rest,watch_for_overuse_of_any_single_trope
VPR-0009,verse_clarity,verse_clarity_for_viral_potential_evaluation,high,both,weak_or_inconsistent_verse_clarity,strong_and_clear_verse_clarity,verse_clarity_not_obvious_in_clip,refine_verse_execution_and_boost_clarity,auto_generated_verse_clarity_metric
VPR-0010,verse_impact,verse_impact_for_viral_potential_evaluation,critical,both,weak_or_inconsistent_verse_impact,strong_and_clear_verse_impact,verse_impact_not_obvious_in_clip,refine_verse_execution_and_boost_impact,auto_generated_verse_impact_metric
VPR-0011,verse_memorability,verse_memorability_for_viral_potential_evaluation,high,both,weak_or_inconsistent_verse_memorability,strong_and_clear_verse_memorability,verse_memorability_not_obvious_in_clip,refine_verse_execution_and_boost_memorability,auto_generated_verse_memorability_metric
VPR-0012,verse_originality,verse_originality_for_viral_potential_evaluation,medium,both,weak_or_inconsistent_verse_originality,strong_and_clear_verse_originality,verse_originality_not_obvious_in_clip,refine_verse_execution_and_boost_originality,auto_generated_verse_originality_metric
VPR-0013,chorus_clarity,chorus_clarity_for_viral_potential_evaluation,high,both,weak_or_inconsistent_chorus_clarity,strong_and_clear_chorus_clarity,chorus_clarity_not_obvious_in_clip,refine_chorus_execution_and_boost_clarity,auto_generated_chorus_clarity_metric
VPR-0014,chorus_impact,chorus_impact_for_viral_potential_evaluation,critical,both,weak_or_inconsistent_chorus_impact,strong_and_clear_chorus_impact,chorus_impact_not_obvious_in_clip,refine_chorus_execution_and_boost_impact,auto_generated_chorus_impact_metric
VPR-0015,chorus_memorability,chorus_memorability_for_viral_potential_evaluation,high,both,weak_or_inconsistent_chorus_memorability,strong_and_clear_chorus_memorability,chorus_memorability_not_obvious_in_clip,refine_chorus_execution_and_boost_memorability,auto_generated_chorus_memorability_metric
VPR-0016,chorus_originality,chorus_originality_for_viral_potential_evaluation,medium,both,weak_or_inconsistent_chorus_originality,strong_and_clear_chorus_originality,chorus_originality_not_obvious_in_clip,refine_chorus_execution_and_boost_originality,auto_generated_chorus_originality_metric
VPR-0017,intro_clarity,intro_clarity_for_viral_potential_evaluation,high,both,weak_or_inconsistent_intro_clarity,strong_and_clear_intro_clarity,intro_clarity_not_obvious_in_clip,refine_intro_execution_and_boost_clarity,auto_generated_intro_clarity_metric
VPR-0018,intro_impact,intro_impact_for_viral_potential_evaluation,critical,both,weak_or_inconsistent_intro_impact,strong_and_clear_intro_impact,intro_impact_not_obvious_in_clip,refine_intro_execution_and_boost_impact,auto_generated_intro_impact_metric
VPR-0019,intro_memorability,intro_memorability_for_viral_potential_evaluation,high,both,weak_or_inconsistent_intro_memorability,strong_and_clear_intro_memorability,intro_memorability_not_obvious_in_clip,refine_intro_execution_and_boost_memorability,auto_generated_intro_memorability_metric
VPR-0020,intro_originality,intro_originality_for_viral_potential_evaluation,medium,both,weak_or_inconsistent_intro_originality,strong_and_clear_intro_originality,intro_originality_not_obvious_in_clip,refine_intro_execution_and_boost_originality,auto_generated_intro_originality_metric
VPR-0021,outro_clarity,outro_clarity_for_viral_potential_evaluation,high,both,weak_or_inconsistent_outro_clarity,strong_and_clear_outro_clarity,outro_clarity_not_obvious_in_clip,refine_outro_execution_and_boost_clarity,auto_generated_outro_clarity_metric
VPR-0022,outro_impact,outro_impact_for_viral_potential_evaluation,critical,both,weak_or_inconsistent_outro_impact,strong_and_clear_outro_impact,outro_impact_not_obvious_in_clip,refine_outro_execution_and_boost_impact,auto_generated_outro_impact_metric
VPR-0023,outro_memorability,outro_memorability_for_viral_potential_evaluation,high,both,weak_or_inconsistent_outro_memorability,strong_and_clear_outro_memorability,outro_memorability_not_obvious_in_clip,refine_outro_execution_and_boost_memorability,auto_generated_outro_memorability_metric
VPR-0024,outro_originality,outro_originality_for_viral_potential_evaluation,medium,both,weak_or_inconsistent_outro_originality,strong_and_clear_outro_originality,outro_originality_not_obvious_in_clip,refine_outro_execution_and_boost_originality,auto_generated_outro_originality_metric
VPR-0025,bridge_clarity,bridge_clarity_for_viral_potential_evaluation,high,both,weak_or_inconsistent_bridge_clarity,strong_and_clear_bridge_clarity,bridge_clarity_not_obvious_in_clip,refine_bridge_execution_and_boost_clarity,auto_generated_bridge_clarity_metric
VPR-0026,bridge_impact,bridge_impact_for_viral_potential_evaluation,critical,both,weak_or_inconsistent_bridge_impact,strong_and_clear_bridge_impact,bridge_impact_not_obvious_in_clip,refine_bridge_execution_and_boost_impact,auto_generated_bridge_impact_metric
VPR-0027,bridge_memorability,bridge_memorability_for_viral_potential_evaluation,high,both,weak_or_inconsistent_bridge_memorability,strong_and_clear_bridge_memorability,bridge_memorability_not_obvious_in_clip,refine_bridge_execution_and_boost_memorability,auto_generated_bridge_memorability_metric
VPR-0028,bridge_originality,bridge_originality_for_viral_potential_evaluation,medium,both,weak_or_inconsistent_bridge_originality,strong_and_clear_bridge_originality,bridge_originality_not_obvious_in_clip,refine_bridge_execution_and_boost_originality,auto_generated_bridge_originality_metric
VPR-0029,drop_clarity,drop_clarity_for_viral_potential_evaluation,high,both,weak_or_inconsistent_drop_clarity,strong_and_clear_drop_clarity,drop_clarity_not_obvious_in_clip,refine_drop_execution_and_boost_clarity,auto_generated_drop_clarity_metric
VPR-0030,drop_impact,drop_impact_for_viral_potential_evaluation,critical,both,weak_or_inconsistent_drop_impact,strong_and_clear_drop_impact,drop_impact_not_obvious_in_clip,refine_drop_execution_and_boost_impact,auto_generated_drop_impact_metric
VPR-0031,drop_memorability,drop_memorability_for_viral_potential_evaluation,high,both,weak_or_inconsistent_drop_memorability,strong_and_clear_drop_memorability,drop_memorability_not_obvious_in_clip,refine_drop_execution_and_boost_memorability,auto_generated_drop_memorability_metric
VPR-0032,drop_originality,drop_originality_for_viral_potential_evaluation,medium,both,weak_or_inconsistent_drop_originality,strong_and_clear_drop_originality,drop_originality_not_obvious_in_clip,refine_drop_execution_and_boost_originality,auto_generated_drop_originality_metric
VPR-0033,pre_chorus_clarity,pre_chorus_clarity_for_viral_potential_evaluation,high,both,weak_or_inconsistent_pre_chorus_clarity,strong_and_clear_pre_chorus_clarity,pre_chorus_clarity_not_obvious_in_clip,refine_pre_chorus_execution_and_boost_clarity,auto_generated_pre_chorus_clarity_metric
VPR-0034,pre_chorus_impact,pre_chorus_impact_for_viral_potential_evaluation,critical,both,weak_or_inconsistent_pre_chorus_impact,strong_and_clear_pre_chorus_impact,pre_chorus_impact_not_obvious_in_clip,refine_pre_chorus_execution_and_boost_impact,auto_generated_pre_chorus_impact_metric
VPR-0035,pre_chorus_memorability,pre_chorus_memorability_for_viral_potential_evaluation,high,both,weak_or_inconsistent_pre_chorus_memorability,strong_and_clear_pre_chorus_memorability,pre_chorus_memorability_not_obvious_in_clip,refine_pre_chorus_execution_and_boost_memorability,auto_generated_pre_chorus_memorability_metric
VPR-0036,pre_chorus_originality,pre_chorus_originality_for_viral_potential_evaluation,medium,both,weak_or_inconsistent_pre_chorus_originality,strong_and_clear_pre_chorus_originality,pre_chorus_originality_not_obvious_in_clip,refine_pre_chorus_execution_and_boost_originality,auto_generated_pre_chorus_originality_metric
VPR-0037,post_chorus_clarity,post_chorus_clarity_for_viral_potential_evaluation,high,both,weak_or_inconsistent_post_chorus_clarity,strong_and_clear_post_chorus_clarity,post_chorus_clarity_not_obvious_in_clip,refine_post_chorus_execution_and_boost_clarity,auto_generated_post_chorus_clarity_metric
VPR-0038,post_chorus_impact,post_chorus_impact_for_viral_potential_evaluation,critical,both,weak_or_inconsistent_post_chorus_impact,strong_and_clear_post_chorus_impact,post_chorus_impact_not_obvious_in_clip,refine_post_chorus_execution_and_boost_impact,auto_generated_post_chorus_impact_metric
VPR-0039,post_chorus_memorability,post_chorus_memorability_for_viral_potential_evaluation,high,both,weak_or_inconsistent_post_chorus_memorability,strong_and_clear_post_chorus_memorability,post_chorus_memorability_not_obvious_in_clip,refine_post_chorus_execution_and_boost_memorability,auto_generated_post_chorus_memorability_metric
VPR-0040,post_chorus_originality,post_chorus_originality_for_viral_potential_evaluation,medium,both,weak_or_inconsistent_post_chorus_originality,strong_and_clear_post_chorus_originality,post_chorus_originality_not_obvious_in_clip,refine_post_chorus_execution_and_boost_originality,auto_generated_post_chorus_originality_metric
VPR-0041,adlib_clarity,adlib_clarity_for_viral_potential_evaluation,high,both,weak_or_inconsistent_adlib_clarity,strong_and_clear_adlib_clarity,adlib_clarity_not_obvious_in_clip,refine_adlib_execution_and_boost_clarity,auto_generated_adlib_clarity_metric
VPR-0042,adlib_impact,adlib_impact_for_viral_potential_evaluation,critical,both,weak_or_inconsistent_adlib_impact,strong_and_clear_adlib_impact,adlib_impact_not_obvious_in_clip,refine_adlib_execution_and_boost_impact,auto_generated_adlib_impact_metric
VPR-0043,adlib_memorability,adlib_memorability_for_viral_potential_evaluation,high,both,weak_or_inconsistent_adlib_memorability,strong_and_clear_adlib_memorability,adlib_memorability_not_obvious_in_clip,refine_adlib_execution_and_boost_memorability,auto_generated_adlib_memorability_metric
VPR-0044,adlib_originality,adlib_originality_for_viral_potential_evaluation,medium,both,weak_or_inconsistent_adlib_originality,strong_and_clear_adlib_originality,adlib_originality_not_obvious_in_clip,refine_adlib_execution_and_boost_originality,auto_generated_adlib_originality_metric
VPR-0045,breakdown_clarity,breakdown_clarity_for_viral_potential_evaluation,high,both,weak_or_inconsistent_breakdown_clarity,strong_and_clear_breakdown_clarity,breakdown_clarity_not_obvious_in_clip,refine_breakdown_execution_and_boost_clarity,auto_generated_breakdown_clarity_metric
VPR-0046,breakdown_impact,breakdown_impact_for_viral_potential_evaluation,critical,both,weak_or_inconsistent_breakdown_impact,strong_and_clear_breakdown_impact,breakdown_impact_not_obvious_in_clip,refine_breakdown_execution_and_boost_impact,auto_generated_breakdown_impact_metric
VPR-0047,breakdown_memorability,breakdown_memorability_for_viral_potential_evaluation,high,both,weak_or_inconsistent_breakdown_memorability,strong_and_clear_breakdown_memorability,breakdown_memorability_not_obvious_in_clip,refine_breakdown_execution_and_boost_memorability,auto_generated_breakdown_memorability_metric
VPR-0048,breakdown_originality,breakdown_originality_for_viral_potential_evaluation,medium,both,weak_or_inconsistent_breakdown_originality,strong_and_clear_breakdown_originality,breakdown_originality_not_obvious_in_clip,refine_breakdown_execution_and_boost_originality,auto_generated_breakdown_originality_metric
VPR-0049,build_up_clarity,build_up_clarity_for_viral_potential_evaluation,high,both,weak_or_inconsistent_build_up_clarity,strong_and_clear_build_up_clarity,build_up_clarity_not_obvious_in_clip,refine_build_up_execution_and_boost_clarity,auto_generated_build_up_clarity_metric
VPR-0050,build_up_impact,build_up_impact_for_viral_potential_evaluation,critical,both,weak_or_inconsistent_build_up_impact,strong_and_clear_build_up_impact,build_up_impact_not_obvious_in_clip,refine_build_up_execution_and_boost_impact,auto_generated_build_up_impact_metric
VPR-0051,build_up_memorability,build_up_memorability_for_viral_potential_evaluation,high,both,weak_or_inconsistent_build_up_memorability,strong_and_clear_build_up_memorability,build_up_memorability_not_obvious_in_clip,refine_build_up_execution_and_boost_memorability,auto_generated_build_up_memorability_metric
VPR-0052,build_up_originality,build_up_originality_for_viral_potential_evaluation,medium,both,weak_or_inconsistent_build_up_originality,strong_and_clear_build_up_originality,build_up_originality_not_obvious_in_clip,refine_build_up_execution_and_boost_originality,auto_generated_build_up_originality_metric
VPR-0053,beat_clarity,beat_clarity_for_viral_potential_evaluation,high,both,weak_or_inconsistent_beat_clarity,strong_and_clear_beat_clarity,beat_clarity_not_obvious_in_clip,adjust_beat_and_boost_clarity,auto_generated_beat_clarity_metric
VPR-0054,beat_impact,beat_impact_for_viral_potential_evaluation,critical,both,weak_or_inconsistent_beat_impact,strong_and_clear_beat_impact,beat_impact_not_obvious_in_clip,adjust_beat_and_boost_impact,auto_generated_beat_impact_metric
VPR-0055,beat_memorability,beat_memorability_for_viral_potential_evaluation,high,both,weak_or_inconsistent_beat_memorability,strong_and_clear_beat_memorability,beat_memorability_not_obvious_in_clip,adjust_beat_and_boost_memorability,auto_generated_beat_memorability_metric
VPR-0056,beat_originality,beat_originality_for_viral_potential_evaluation,medium,both,weak_or_inconsistent_beat_originality,strong_and_clear_beat_originality,beat_originality_not_obvious_in_clip,adjust_beat_and_boost_originality,auto_generated_beat_originality_metric
VPR-0057,rhythm_clarity,rhythm_clarity_for_viral_potential_evaluation,high,both,weak_or_inconsistent_rhythm_clarity,strong_and_clear_rhythm_clarity,rhythm_clarity_not_obvious_in_clip,adjust_rhythm_and_boost_clarity,auto_generated_rhythm_clarity_metric
VPR-0058,rhythm_impact,rhythm_impact_for_viral_potential_evaluation,critical,both,weak_or_inconsistent_rhythm_impact,strong_and_clear_rhythm_impact,rhythm_impact_not_obvious_in_clip,adjust_rhythm_and_boost_impact,auto_generated_rhythm_impact_metric
VPR-0059,rhythm_memorability,rhythm_memorability_for_viral_potential_evaluation,high,both,weak_or_inconsistent_rhythm_memorability,strong_and_clear_rhythm_memorability,rhythm_memorability_not_obvious_in_clip,adjust_rhythm_and_boost_memorability,auto_generated_rhythm_memorability_metric
VPR-0060,rhythm_originality,rhythm_originality_for_viral_potential_evaluation,medium,both,weak_or_inconsistent_rhythm_originality,strong_and_clear_rhythm_originality,rhythm_originality_not_obvious_in_clip,adjust_rhythm_and_boost_originality,auto_generated_rhythm_originality_metric
VPR-0061,melody_clarity,melody_clarity_for_viral_potential_evaluation,high,both,weak_or_inconsistent_melody_clarity,strong_and_clear_melody_clarity,melody_clarity_not_obvious_in_clip,adjust_melody_and_boost_clarity,auto_generated_melody_clarity_metric
VPR-0062,melody_impact,melody_impact_for_viral_potential_evaluation,critical,both,weak_or_inconsistent_melody_impact,strong_and_clear_melody_impact,melody_impact_not_obvious_in_clip,adjust_melody_and_boost_impact,auto_generated_melody_impact_metric
VPR-0063,melody_memorability,melody_memorability_for_viral_potential_evaluation,high,both,weak_or_inconsistent_melody_memorability,strong_and_clear_melody_memorability,melody_memorability_not_obvious_in_clip,adjust_melody_and_boost_memorability,auto_generated_melody_memorability_metric
VPR-0064,melody_originality,melody_originality_for_viral_potential_evaluation,medium,both,weak_or_inconsistent_melody_originality,strong_and_clear_melody_originality,melody_originality_not_obvious_in_clip,adjust_melody_and_boost_originality,auto_generated_melody_originality_metric
VPR-0065,lyrics_clarity,lyrics_clarity_for_viral_potential_evaluation,high,both,weak_or_inconsistent_lyrics_clarity,strong_and_clear_lyrics_clarity,lyrics_clarity_not_obvious_in_clip,adjust_lyrics_and_boost_clarity,auto_generated_lyrics_clarity_metric
VPR-0066,lyrics_impact,lyrics_impact_for_viral_potential_evaluation,critical,both,weak_or_inconsistent_lyrics_impact,strong_and_clear_lyrics_impact,lyrics_impact_not_obvious_in_clip,adjust_lyrics_and_boost_impact,auto_generated_lyrics_impact_metric
VPR-0067,lyrics_memorability,lyrics_memorability_for_viral_potential_evaluation,high,both,weak_or_inconsistent_lyrics_memorability,strong_and_clear_lyrics_memorability,lyrics_memorability_not_obvious_in_clip,adjust_lyrics_and_boost_memorability,auto_generated_lyrics_memorability_metric
VPR-0068,lyrics_originality,lyrics_originality_for_viral_potential_evaluation,medium,both,weak_or_inconsistent_lyrics_originality,strong_and_clear_lyrics_originality,lyrics_originality_not_obvious_in_clip,adjust_lyrics_and_boost_originality,auto_generated_lyrics_originality_metric
VPR-0069,vocal_clarity,vocal_clarity_for_viral_potential_evaluation,high,both,weak_or_inconsistent_vocal_clarity,strong_and_clear_vocal_clarity,vocal_clarity_not_obvious_in_clip,adjust_vocal_and_boost_clarity,auto_generated_vocal_clarity_metric
VPR-0070,vocal_impact,vocal_impact_for_viral_potential_evaluation,critical,both,weak_or_inconsistent_vocal_impact,strong_and_clear_vocal_impact,vocal_impact_not_obvious_in_clip,adjust_vocal_and_boost_impact,auto_generated_vocal_impact_metric
VPR-0071,vocal_memorability,vocal_memorability_for_viral_potential_evaluation,high,both,weak_or_inconsistent_vocal_memorability,strong_and_clear_vocal_memorability,vocal_memorability_not_obvious_in_clip,adjust_vocal_and_boost_memorability,auto_generated_vocal_memorability_metric
VPR-0072,vocal_originality,vocal_originality_for_viral_potential_evaluation,medium,both,weak_or_inconsistent_vocal_originality,strong_and_clear_vocal_originality,vocal_originality_not_obvious_in_clip,adjust_vocal_and_boost_originality,auto_generated_vocal_originality_metric
VPR-0073,bass_clarity,bass_clarity_for_viral_potential_evaluation,high,both,weak_or_inconsistent_bass_clarity,strong_and_clear_bass_clarity,bass_clarity_not_obvious_in_clip,adjust_bass_and_boost_clarity,auto_generated_bass_clarity_metric
VPR-0074,bass_impact,bass_impact_for_viral_potential_evaluation,critical,both,weak_or_inconsistent_bass_impact,strong_and_clear_bass_impact,bass_impact_not_obvious_in_clip,adjust_bass_and_boost_impact,auto_generated_bass_impact_metric
VPR-0075,bass_memorability,bass_memorability_for_viral_potential_evaluation,high,both,weak_or_inconsistent_bass_memorability,strong_and_clear_bass_memorability,bass_memorability_not_obvious_in_clip,adjust_bass_and_boost_memorability,auto_generated_bass_memorability_metric
VPR-0076,bass_originality,bass_originality_for_viral_potential_evaluation,medium,both,weak_or_inconsistent_bass_originality,strong_and_clear_bass_originality,bass_originality_not_obvious_in_clip,adjust_bass_and_boost_originality,auto_generated_bass_originality_metric
VPR-0077,drums_clarity,drums_clarity_for_viral_potential_evaluation,high,both,weak_or_inconsistent_drums_clarity,strong_and_clear_drums_clarity,drums_clarity_not_obvious_in_clip,adjust_drums_and_boost_clarity,auto_generated_drums_clarity_metric
VPR-0078,drums_impact,drums_impact_for_viral_potential_evaluation,critical,both,weak_or_inconsistent_drums_impact,strong_and_clear_drums_impact,drums_impact_not_obvious_in_clip,adjust_drums_and_boost_impact,auto_generated_drums_impact_metric
VPR-0079,drums_memorability,drums_memorability_for_viral_potential_evaluation,high,both,weak_or_inconsistent_drums_memorability,strong_and_clear_drums_memorability,drums_memorability_not_obvious_in_clip,adjust_drums_and_boost_memorability,auto_generated_drums_memorability_metric
VPR-0080,drums_originality,drums_originality_for_viral_potential_evaluation,medium,both,weak_or_inconsistent_drums_originality,strong_and_clear_drums_originality,drums_originality_not_obvious_in_clip,adjust_drums_and_boost_originality,auto_generated_drums_originality_metric
VPR-0081,guitar_clarity,guitar_clarity_for_viral_potential_evaluation,high,both,weak_or_inconsistent_guitar_clarity,strong_and_clear_guitar_clarity,guitar_clarity_not_obvious_in_clip,adjust_guitar_and_boost_clarity,auto_generated_guitar_clarity_metric
VPR-0082,guitar_impact,guitar_impact_for_viral_potential_evaluation,critical,both,weak_or_inconsistent_guitar_impact,strong_and_clear_guitar_impact,guitar_impact_not_obvious_in_clip,adjust_guitar_and_boost_impact,auto_generated_guitar_impact_metric
VPR-0083,guitar_memorability,guitar_memorability_for_viral_potential_evaluation,high,both,weak_or_inconsistent_guitar_memorability,strong_and_clear_guitar_memorability,guitar_memorability_not_obvious_in_clip,adjust_guitar_and_boost_memorability,auto_generated_guitar_memorability_metric
VPR-0084,guitar_originality,guitar_originality_for_viral_potential_evaluation,medium,both,weak_or_inconsistent_guitar_originality,strong_and_clear_guitar_originality,guitar_originality_not_obvious_in_clip,adjust_guitar_and_boost_originality,auto_generated_guitar_originality_metric
VPR-0085,synth_clarity,synth_clarity_for_viral_potential_evaluation,high,both,weak_or_inconsistent_synth_clarity,strong_and_clear_synth_clarity,synth_clarity_not_obvious_in_clip,adjust_synth_and_boost_clarity,auto_generated_synth_clarity_metric
VPR-0086,synth_impact,synth_impact_for_viral_potential_evaluation,critical,both,weak_or_inconsistent_synth_impact,strong_and_clear_synth_impact,synth_impact_not_obvious_in_clip,adjust_synth_and_boost_impact,auto_generated_synth_impact_metric
VPR-0087,synth_memorability,synth_memorability_for_viral_potential_evaluation,high,both,weak_or_inconsistent_synth_memorability,strong_and_clear_synth_memorability,synth_memorability_not_obvious_in_clip,adjust_synth_and_boost_memorability,auto_generated_synth_memorability_metric
VPR-0088,synth_originality,synth_originality_for_viral_potential_evaluation,medium,both,weak_or_inconsistent_synth_originality,strong_and_clear_synth_originality,synth_originality_not_obvious_in_clip,adjust_synth_and_boost_originality,auto_generated_synth_originality_metric
VPR-0089,piano_clarity,piano_clarity_for_viral_potential_evaluation,high,both,weak_or_inconsistent_piano_clarity,strong_and_clear_piano_clarity,piano_clarity_not_obvious_in_clip,adjust_piano_and_boost_clarity,auto_generated_piano_clarity_metric
VPR-0090,piano_impact,piano_impact_for_viral_potential_evaluation,critical,both,weak_or_inconsistent_piano_impact,strong_and_clear_piano_impact,piano_impact_not_obvious_in_clip,adjust_piano_and_boost_impact,auto_generated_piano_impact_metric
VPR-0091,piano_memorability,piano_memorability_for_viral_potential_evaluation,high,both,weak_or_inconsistent_piano_memorability,strong_and_clear_piano_memorability,piano_memorability_not_obvious_in_clip,adjust_piano_and_boost_memorability,auto_generated_piano_memorability_metric
VPR-0092,piano_originality,piano_originality_for_viral_potential_evaluation,medium,both,weak_or_inconsistent_piano_originality,strong_and_clear_piano_originality,piano_originality_not_obvious_in_clip,adjust_piano_and_boost_originality,auto_generated_piano_originality_metric
VPR-0093,strings_clarity,strings_clarity_for_viral_potential_evaluation,high,both,weak_or_inconsistent_strings_clarity,strong_and_clear_strings_clarity,strings_clarity_not_obvious_in_clip,adjust_strings_and_boost_clarity,auto_generated_strings_clarity_metric
VPR-0094,strings_impact,strings_impact_for_viral_potential_evaluation,critical,both,weak_or_inconsistent_strings_impact,strong_and_clear_strings_impact,strings_impact_not_obvious_in_clip,adjust_strings_and_boost_impact,auto_generated_strings_impact_metric
VPR-0095,strings_memorability,strings_memorability_for_viral_potential_evaluation,high,both,weak_or_inconsistent_strings_memorability,strong_and_clear_strings_memorability,strings_memorability_not_obvious_in_clip,adjust_strings_and_boost_memorability,auto_generated_strings_memorability_metric
VPR-0096,strings_originality,strings_originality_for_viral_potential_evaluation,medium,both,weak_or_inconsistent_strings_originality,strong_and_clear_strings_originality,strings_originality_not_obvious_in_clip,adjust_strings_and_boost_originality,auto_generated_strings_originality_metric
VPR-0097,brass_clarity,brass_clarity_for_viral_potential_evaluation,high,both,weak_or_inconsistent_brass_clarity,strong_and_clear_brass_clarity,brass_clarity_not_obvious_in_clip,adjust_brass_and_boost_clarity,auto_generated_brass_clarity_metric
VPR-0098,brass_impact,brass_impact_for_viral_potential_evaluation,critical,both,weak_or_inconsistent_brass_impact,strong_and_clear_brass_impact,brass_impact_not_obvious_in_clip,adjust_brass_and_boost_impact,auto_generated_brass_impact_metric
VPR-0099,brass_memorability,brass_memorability_for_viral_potential_evaluation,high,both,weak_or_inconsistent_brass_memorability,strong_and_clear_brass_memorability,brass_memorability_not_obvious_in_clip,adjust_brass_and_boost_memorability,auto_generated_brass_memorability_metric
VPR-0100,brass_originality,brass_originality_for_viral_potential_evaluation,medium,both,weak_or_inconsistent_brass_originality,strong_and_clear_brass_originality,brass_originality_not_obvious_in_clip,adjust_brass_and_boost_originality,auto_generated_brass_originality_metric
VPR-0101,fx_clarity,fx_clarity_for_viral_potential_evaluation,high,both,weak_or_inconsistent_fx_clarity,strong_and_clear_fx_clarity,fx_clarity_not_obvious_in_clip,adjust_fx_and_boost_clarity,auto_generated_fx_clarity_metric
VPR-0102,fx_impact,fx_impact_for_viral_potential_evaluation,critical,both,weak_or_inconsistent_fx_impact,strong_and_clear_fx_impact,fx_impact_not_obvious_in_clip,adjust_fx_and_boost_impact,auto_generated_fx_impact_metric
VPR-0103,fx_memorability,fx_memorability_for_viral_potential_evaluation,high,both,weak_or_inconsistent_fx_memorability,strong_and_clear_fx_memorability,fx_memorability_not_obvious_in_clip,adjust_fx_and_boost_memorability,auto_generated_fx_memorability_metric
VPR-0104,fx_originality,fx_originality_for_viral_potential_evaluation,medium,both,weak_or_inconsistent_fx_originality,strong_and_clear_fx_originality,fx_originality_not_obvious_in_clip,adjust_fx_and_boost_originality,auto_generated_fx_originality_metric
VPR-0105,transition_clarity,transition_clarity_for_viral_potential_evaluation,high,both,weak_or_inconsistent_transition_clarity,strong_and_clear_transition_clarity,transition_clarity_not_obvious_in_clip,refine_transition_execution_and_boost_clarity,auto_generated_transition_clarity_metric
VPR-0106,transition_impact,transition_impact_for_viral_potential_evaluation,critical,both,weak_or_inconsistent_transition_impact,strong_and_clear_transition_impact,transition_impact_not_obvious_in_clip,refine_transition_execution_and_boost_impact,auto_generated_transition_impact_metric
VPR-0107,transition_memorability,transition_memorability_for_viral_potential_evaluation,high,both,weak_or_inconsistent_transition_memorability,strong_and_clear_transition_memorability,transition_memorability_not_obvious_in_clip,refine_transition_execution_and_boost_memorability,auto_generated_transition_memorability_metric
VPR-0108,transition_originality,transition_originality_for_viral_potential_evaluation,medium,both,weak_or_inconsistent_transition_originality,strong_and_clear_transition_originality,transition_originality_not_obvious_in_clip,refine_transition_execution_and_boost_originality,auto_generated_transition_originality_metric
VPR-0109,structure_clarity,structure_clarity_for_viral_potential_evaluation,high,both,weak_or_inconsistent_structure_clarity,strong_and_clear_structure_clarity,structure_clarity_not_obvious_in_clip,refine_structure_execution_and_boost_clarity,auto_generated_structure_clarity_metric
VPR-0110,structure_impact,structure_impact_for_viral_potential_evaluation,critical,both,weak_or_inconsistent_structure_impact,strong_and_clear_structure_impact,structure_impact_not_obvious_in_clip,refine_structure_execution_and_boost_impact,auto_generated_structure_impact_metric
VPR-0111,structure_memorability,structure_memorability_for_viral_potential_evaluation,high,both,weak_or_inconsistent_structure_memorability,strong_and_clear_structure_memorability,structure_memorability_not_obvious_in_clip,refine_structure_execution_and_boost_memorability,auto_generated_structure_memorability_metric
VPR-0112,structure_originality,structure_originality_for_viral_potential_evaluation,medium,both,weak_or_inconsistent_structure_originality,strong_and_clear_structure_originality,structure_originality_not_obvious_in_clip,refine_structure_execution_and_boost_originality,auto_generated_structure_originality_metric
VPR-0113,dynamic_clarity,dynamic_clarity_for_viral_potential_evaluation,high,both,weak_or_inconsistent_dynamic_clarity,strong_and_clear_dynamic_clarity,dynamic_clarity_not_obvious_in_clip,refine_dynamic_execution_and_boost_clarity,auto_generated_dynamic_clarity_metric
VPR-0114,dynamic_impact,dynamic_impact_for_viral_potential_evaluation,critical,both,weak_or_inconsistent_dynamic_impact,strong_and_clear_dynamic_impact,dynamic_impact_not_obvious_in_clip,refine_dynamic_execution_and_boost_impact,auto_generated_dynamic_impact_metric
VPR-0115,dynamic_memorability,dynamic_memorability_for_viral_potential_evaluation,high,both,weak_or_inconsistent_dynamic_memorability,strong_and_clear_dynamic_memorability,dynamic_memorability_not_obvious_in_clip,refine_dynamic_execution_and_boost_memorability,auto_generated_dynamic_memorability_metric
VPR-0116,dynamic_originality,dynamic_originality_for_viral_potential_evaluation,medium,both,weak_or_inconsistent_dynamic_originality,strong_and_clear_dynamic_originality,dynamic_originality_not_obvious_in_clip,refine_dynamic_execution_and_boost_originality,auto_generated_dynamic_originality_metric
VPR-0117,energy_clarity,energy_clarity_for_viral_potential_evaluation,high,both,weak_or_inconsistent_energy_clarity,strong_and_clear_energy_clarity,energy_clarity_not_obvious_in_clip,adjust_energy_and_boost_clarity,auto_generated_energy_clarity_metric
VPR-0118,energy_impact,energy_impact_for_viral_potential_evaluation,critical,both,weak_or_inconsistent_energy_impact,strong_and_clear_energy_impact,energy_impact_not_obvious_in_clip,adjust_energy_and_boost_impact,auto_generated_energy_impact_metric
VPR-0119,energy_memorability,energy_memorability_for_viral_potential_evaluation,high,both,weak_or_inconsistent_energy_memorability,strong_and_clear_energy_memorability,energy_memorability_not_obvious_in_clip,adjust_energy_and_boost_memorability,auto_generated_energy_memorability_metric
VPR-0120,energy_originality,energy_originality_for_viral_potential_evaluation,medium,both,weak_or_inconsistent_energy_originality,strong_and_clear_energy_originality,energy_originality_not_obvious_in_clip,adjust_energy_and_boost_originality,auto_generated_energy_originality_metric
VPR-0121,tempo_clarity,tempo_clarity_for_viral_potential_evaluation,high,both,weak_or_inconsistent_tempo_clarity,strong_and_clear_tempo_clarity,tempo_clarity_not_obvious_in_clip,adjust_tempo_and_boost_clarity,auto_generated_tempo_clarity_metric
VPR-0122,tempo_impact,tempo_impact_for_viral_potential_evaluation,critical,both,weak_or_inconsistent_tempo_impact,strong_and_clear_tempo_impact,tempo_impact_not_obvious_in_clip,adjust_tempo_and_boost_impact,auto_generated_tempo_impact_metric
VPR-0123,tempo_memorability,tempo_memorability_for_viral_potential_evaluation,high,both,weak_or_inconsistent_tempo_memorability,strong_and_clear_tempo_memorability,tempo_memorability_not_obvious_in_clip,adjust_tempo_and_boost_memorability,auto_generated_tempo_memorability_metric
VPR-0124,tempo_originality,tempo_originality_for_viral_potential_evaluation,medium,both,weak_or_inconsistent_tempo_originality,strong_and_clear_tempo_originality,tempo_originality_not_obvious_in_clip,adjust_tempo_and_boost_originality,auto_generated_tempo_originality_metric
VPR-0125,flow_clarity,flow_clarity_for_viral_potential_evaluation,high,both,weak_or_inconsistent_flow_clarity,strong_and_clear_flow_clarity,flow_clarity_not_obvious_in_clip,refine_flow_execution_and_boost_clarity,auto_generated_flow_clarity_metric
VPR-0126,flow_impact,flow_impact_for_viral_potential_evaluation,critical,both,weak_or_inconsistent_flow_impact,strong_and_clear_flow_impact,flow_impact_not_obvious_in_clip,refine_flow_execution_and_boost_impact,auto_generated_flow_impact_metric
VPR-0127,flow_memorability,flow_memorability_for_viral_potential_evaluation,high,both,weak_or_inconsistent_flow_memorability,strong_and_clear_flow_memorability,flow_memorability_not_obvious_in_clip,refine_flow_execution_and_boost_memorability,auto_generated_flow_memorability_metric
VPR-0128,flow_originality,flow_originality_for_viral_potential_evaluation,medium,both,weak_or_inconsistent_flow_originality,strong_and_clear_flow_originality,flow_originality_not_obvious_in_clip,refine_flow_execution_and_boost_originality,auto_generated_flow_originality_metric
VPR-0129,theme_clarity,theme_clarity_for_viral_potential_evaluation,high,both,weak_or_inconsistent_theme_clarity,strong_and_clear_theme_clarity,theme_clarity_not_obvious_in_clip,refine_theme_execution_and_boost_clarity,auto_generated_theme_clarity_metric
VPR-0130,theme_impact,theme_impact_for_viral_potential_evaluation,critical,both,weak_or_inconsistent_theme_impact,strong_and_clear_theme_impact,theme_impact_not_obvious_in_clip,refine_theme_execution_and_boost_impact,auto_generated_theme_impact_metric
VPR-0131,theme_memorability,theme_memorability_for_viral_potential_evaluation,high,both,weak_or_inconsistent_theme_memorability,strong_and_clear_theme_memorability,theme_memorability_not_obvious_in_clip,refine_theme_execution_and_boost_memorability,auto_generated_theme_memorability_metric
VPR-0132,theme_originality,theme_originality_for_viral_potential_evaluation,medium,both,weak_or_inconsistent_theme_originality,strong_and_clear_theme_originality,theme_originality_not_obvious_in_clip,refine_theme_execution_and_boost_originality,auto_generated_theme_originality_metric
VPR-0133,story_clarity,story_clarity_for_viral_potential_evaluation,high,both,weak_or_inconsistent_story_clarity,strong_and_clear_story_clarity,story_clarity_not_obvious_in_clip,refine_story_execution_and_boost_clarity,auto_generated_story_clarity_metric
VPR-0134,story_impact,story_impact_for_viral_potential_evaluation,critical,both,weak_or_inconsistent_story_impact,strong_and_clear_story_impact,story_impact_not_obvious_in_clip,refine_story_execution_and_boost_impact,auto_generated_story_impact_metric
VPR-0135,story_memorability,story_memorability_for_viral_potential_evaluation,high,both,weak_or_inconsistent_story_memorability,strong_and_clear_story_memorability,story_memorability_not_obvious_in_clip,refine_story_execution_and_boost_memorability,auto_generated_story_memorability_metric
VPR-0136,story_originality,story_originality_for_viral_potential_evaluation,medium,both,weak_or_inconsistent_story_originality,strong_and_clear_story_originality,story_originality_not_obvious_in_clip,refine_story_execution_and_boost_originality,auto_generated_story_originality_metric
VPR-0137,character_clarity,character_clarity_for_viral_potential_evaluation,high,both,weak_or_inconsistent_character_clarity,strong_and_clear_character_clarity,character_clarity_not_obvious_in_clip,refine_character_execution_and_boost_clarity,auto_generated_character_clarity_metric
VPR-0138,character_impact,character_impact_for_viral_potential_evaluation,critical,both,weak_or_inconsistent_character_impact,strong_and_clear_character_impact,character_impact_not_obvious_in_clip,refine_character_execution_and_boost_impact,auto_generated_character_impact_metric
VPR-0139,character_memorability,character_memorability_for_viral_potential_evaluation,high,both,weak_or_inconsistent_character_memorability,strong_and_clear_character_memorability,character_memorability_not_obvious_in_clip,refine_character_execution_and_boost_memorability,auto_generated_character_memorability_metric
VPR-0140,character_originality,character_originality_for_viral_potential_evaluation,medium,both,weak_or_inconsistent_character_originality,strong_and_clear_character_originality,character_originality_not_obvious_in_clip,refine_character_execution_and_boost_originality,auto_generated_character_originality_metric
VPR-0141,persona_clarity,persona_clarity_for_viral_potential_evaluation,high,both,weak_or_inconsistent_persona_clarity,strong_and_clear_persona_clarity,persona_clarity_not_obvious_in_clip,refine_persona_execution_and_boost_clarity,auto_generated_persona_clarity_metric
VPR-0142,persona_impact,persona_impact_for_viral_potential_evaluation,critical,both,weak_or_inconsistent_persona_impact,strong_and_clear_persona_impact,persona_impact_not_obvious_in_clip,refine_persona_execution_and_boost_impact,auto_generated_persona_impact_metric
VPR-0143,persona_memorability,persona_memorability_for_viral_potential_evaluation,high,both,weak_or_inconsistent_persona_memorability,strong_and_clear_persona_memorability,persona_memorability_not_obvious_in_clip,refine_persona_execution_and_boost_memorability,auto_generated_persona_memorability_metric
VPR-0144,persona_originality,persona_originality_for_viral_potential_evaluation,medium,both,weak_or_inconsistent_persona_originality,strong_and_clear_persona_originality,persona_originality_not_obvious_in_clip,refine_persona_execution_and_boost_originality,auto_generated_persona_originality_metric
VPR-0145,attitude_clarity,attitude_clarity_for_viral_potential_evaluation,high,both,weak_or_inconsistent_attitude_clarity,strong_and_clear_attitude_clarity,attitude_clarity_not_obvious_in_clip,refine_attitude_execution_and_boost_clarity,auto_generated_attitude_clarity_metric
VPR-0146,attitude_impact,attitude_impact_for_viral_potential_evaluation,critical,both,weak_or_inconsistent_attitude_impact,strong_and_clear_attitude_impact,attitude_impact_not_obvious_in_clip,refine_attitude_execution_and_boost_impact,auto_generated_attitude_impact_metric
VPR-0147,attitude_memorability,attitude_memorability_for_viral_potential_evaluation,high,both,weak_or_inconsistent_attitude_memorability,strong_and_clear_attitude_memorability,attitude_memorability_not_obvious_in_clip,refine_attitude_execution_and_boost_memorability,auto_generated_attitude_memorability_metric
VPR-0148,attitude_originality,attitude_originality_for_viral_potential_evaluation,medium,both,weak_or_inconsistent_attitude_originality,strong_and_clear_attitude_originality,attitude_originality_not_obvious_in_clip,refine_attitude_execution_and_boost_originality,auto_generated_attitude_originality_metric
VPR-0149,humor_clarity,humor_clarity_for_viral_potential_evaluation,high,both,weak_or_inconsistent_humor_clarity,strong_and_clear_humor_clarity,humor_clarity_not_obvious_in_clip,refine_humor_execution_and_boost_clarity,auto_generated_humor_clarity_metric
VPR-0150,humor_impact,humor_impact_for_viral_potential_evaluation,critical,both,weak_or_inconsistent_humor_impact,strong_and_clear_humor_impact,humor_impact_not_obvious_in_clip,refine_humor_execution_and_boost_impact,auto_generated_humor_impact_metric
VPR-0151,humor_memorability,humor_memorability_for_viral_potential_evaluation,high,both,weak_or_inconsistent_humor_memorability,strong_and_clear_humor_memorability,humor_memorability_not_obvious_in_clip,refine_humor_execution_and_boost_memorability,auto_generated_humor_memorability_metric
VPR-0152,humor_originality,humor_originality_for_viral_potential_evaluation,medium,both,weak_or_inconsistent_humor_originality,strong_and_clear_humor_originality,humor_originality_not_obvious_in_clip,refine_humor_execution_and_boost_originality,auto_generated_humor_originality_metric
VPR-0153,sadness_clarity,sadness_clarity_for_viral_potential_evaluation,high,both,weak_or_inconsistent_sadness_clarity,strong_and_clear_sadness_clarity,sadness_clarity_not_obvious_in_clip,refine_sadness_execution_and_boost_clarity,auto_generated_sadness_clarity_metric
VPR-0154,sadness_impact,sadness_impact_for_viral_potential_evaluation,critical,both,weak_or_inconsistent_sadness_impact,strong_and_clear_sadness_impact,sadness_impact_not_obvious_in_clip,refine_sadness_execution_and_boost_impact,auto_generated_sadness_impact_metric
VPR-0155,sadness_memorability,sadness_memorability_for_viral_potential_evaluation,high,both,weak_or_inconsistent_sadness_memorability,strong_and_clear_sadness_memorability,sadness_memorability_not_obvious_in_clip,refine_sadness_execution_and_boost_memorability,auto_generated_sadness_memorability_metric
VPR-0156,sadness_originality,sadness_originality_for_viral_potential_evaluation,medium,both,weak_or_inconsistent_sadness_originality,strong_and_clear_sadness_originality,sadness_originality_not_obvious_in_clip,refine_sadness_execution_and_boost_originality,auto_generated_sadness_originality_metric
VPR-0157,anger_clarity,anger_clarity_for_viral_potential_evaluation,high,both,weak_or_inconsistent_anger_clarity,strong_and_clear_anger_clarity,anger_clarity_not_obvious_in_clip,refine_anger_execution_and_boost_clarity,auto_generated_anger_clarity_metric
VPR-0158,anger_impact,anger_impact_for_viral_potential_evaluation,critical,both,weak_or_inconsistent_anger_impact,strong_and_clear_anger_impact,anger_impact_not_obvious_in_clip,refine_anger_execution_and_boost_impact,auto_generated_anger_impact_metric
VPR-0159,anger_memorability,anger_memorability_for_viral_potential_evaluation,high,both,weak_or_inconsistent_anger_memorability,strong_and_clear_anger_memorability,anger_memorability_not_obvious_in_clip,refine_anger_execution_and_boost_memorability,auto_generated_anger_memorability_metric
VPR-0160,anger_originality,anger_originality_for_viral_potential_evaluation,medium,both,weak_or_inconsistent_anger_originality,strong_and_clear_anger_originality,anger_originality_not_obvious_in_clip,refine_anger_execution_and_boost_originality,auto_generated_anger_originality_metric
VPR-0161,nostalgia_clarity,nostalgia_clarity_for_viral_potential_evaluation,high,both,weak_or_inconsistent_nostalgia_clarity,strong_and_clear_nostalgia_clarity,nostalgia_clarity_not_obvious_in_clip,refine_nostalgia_execution_and_boost_clarity,auto_generated_nostalgia_clarity_metric
VPR-0162,nostalgia_impact,nostalgia_impact_for_viral_potential_evaluation,critical,both,weak_or_inconsistent_nostalgia_impact,strong_and_clear_nostalgia_impact,nostalgia_impact_not_obvious_in_clip,refine_nostalgia_execution_and_boost_impact,auto_generated_nostalgia_impact_metric
VPR-0163,nostalgia_memorability,nostalgia_memorability_for_viral_potential_evaluation,high,both,weak_or_inconsistent_nostalgia_memorability,strong_and_clear_nostalgia_memorability,nostalgia_memorability_not_obvious_in_clip,refine_nostalgia_execution_and_boost_memorability,auto_generated_nostalgia_memorability_metric
VPR-0164,nostalgia_originality,nostalgia_originality_for_viral_potential_evaluation,medium,both,weak_or_inconsistent_nostalgia_originality,strong_and_clear_nostalgia_originality,nostalgia_originality_not_obvious_in_clip,refine_nostalgia_execution_and_boost_originality,auto_generated_nostalgia_originality_metric
VPR-0165,romance_clarity,romance_clarity_for_viral_potential_evaluation,high,both,weak_or_inconsistent_romance_clarity,strong_and_clear_romance_clarity,romance_clarity_not_obvious_in_clip,refine_romance_execution_and_boost_clarity,auto_generated_romance_clarity_metric
VPR-0166,romance_impact,romance_impact_for_viral_potential_evaluation,critical,both,weak_or_inconsistent_romance_impact,strong_and_clear_romance_impact,romance_impact_not_obvious_in_clip,refine_romance_execution_and_boost_impact,auto_generated_romance_impact_metric
VPR-0167,romance_memorability,romance_memorability_for_viral_potential_evaluation,high,both,weak_or_inconsistent_romance_memorability,strong_and_clear_romance_memorability,romance_memorability_not_obvious_in_clip,refine_romance_execution_and_boost_memorability,auto_generated_romance_memorability_metric
VPR-0168,romance_originality,romance_originality_for_viral_potential_evaluation,medium,both,weak_or_inconsistent_romance_originality,strong_and_clear_romance_originality,romance_originality_not_obvious_in_clip,refine_romance_execution_and_boost_originality,auto_generated_romance_originality_metric
VPR-0169,confidence_clarity,confidence_clarity_for_viral_potential_evaluation,high,both,weak_or_inconsistent_confidence_clarity,strong_and_clear_confidence_clarity,confidence_clarity_not_obvious_in_clip,refine_confidence_execution_and_boost_clarity,auto_generated_confidence_clarity_metric
VPR-0170,confidence_impact,confidence_impact_for_viral_potential_evaluation,critical,both,weak_or_inconsistent_confidence_impact,strong_and_clear_confidence_impact,confidence_impact_not_obvious_in_clip,refine_confidence_execution_and_boost_impact,auto_generated_confidence_impact_metric
VPR-0171,confidence_memorability,confidence_memorability_for_viral_potential_evaluation,high,both,weak_or_inconsistent_confidence_memorability,strong_and_clear_confidence_memorability,confidence_memorability_not_obvious_in_clip,refine_confidence_execution_and_boost_memorability,auto_generated_confidence_memorability_metric
VPR-0172,confidence_originality,confidence_originality_for_viral_potential_evaluation,medium,both,weak_or_inconsistent_confidence_originality,strong_and_clear_confidence_originality,confidence_originality_not_obvious_in_clip,refine_confidence_execution_and_boost_originality,auto_generated_confidence_originality_metric
VPR-0173,rebellion_clarity,rebellion_clarity_for_viral_potential_evaluation,high,both,weak_or_inconsistent_rebellion_clarity,strong_and_clear_rebellion_clarity,rebellion_clarity_not_obvious_in_clip,refine_rebellion_execution_and_boost_clarity,auto_generated_rebellion_clarity_metric
VPR-0174,rebellion_impact,rebellion_impact_for_viral_potential_evaluation,critical,both,weak_or_inconsistent_rebellion_impact,strong_and_clear_rebellion_impact,rebellion_impact_not_obvious_in_clip,refine_rebellion_execution_and_boost_impact,auto_generated_rebellion_impact_metric
VPR-0175,rebellion_memorability,rebellion_memorability_for_viral_potential_evaluation,high,both,weak_or_inconsistent_rebellion_memorability,strong_and_clear_rebellion_memorability,rebellion_memorability_not_obvious_in_clip,refine_rebellion_execution_and_boost_memorability,auto_generated_rebellion_memorability_metric
VPR-0176,rebellion_originality,rebellion_originality_for_viral_potential_evaluation,medium,both,weak_or_inconsistent_rebellion_originality,strong_and_clear_rebellion_originality,rebellion_originality_not_obvious_in_clip,refine_rebellion_execution_and_boost_originality,auto_generated_rebellion_originality_metric
VPR-0177,party_clarity,party_clarity_for_viral_potential_evaluation,high,both,weak_or_inconsistent_party_clarity,strong_and_clear_party_clarity,party_clarity_not_obvious_in_clip,refine_party_execution_and_boost_clarity,auto_generated_party_clarity_metric
VPR-0178,party_impact,party_impact_for_viral_potential_evaluation,critical,both,weak_or_inconsistent_party_impact,strong_and_clear_party_impact,party_impact_not_obvious_in_clip,refine_party_execution_and_boost_impact,auto_generated_party_impact_metric
VPR-0179,party_memorability,party_memorability_for_viral_potential_evaluation,high,both,weak_or_inconsistent_party_memorability,strong_and_clear_party_memorability,party_memorability_not_obvious_in_clip,refine_party_execution_and_boost_memorability,auto_generated_party_memorability_metric
VPR-0180,party_originality,party_originality_for_viral_potential_evaluation,medium,both,weak_or_inconsistent_party_originality,strong_and_clear_party_originality,party_originality_not_obvious_in_clip,refine_party_execution_and_boost_originality,auto_generated_party_originality_metric
VPR-0181,dance_clarity,dance_clarity_for_viral_potential_evaluation,high,both,weak_or_inconsistent_dance_clarity,strong_and_clear_dance_clarity,dance_clarity_not_obvious_in_clip,refine_dance_execution_and_boost_clarity,auto_generated_dance_clarity_metric
VPR-0182,dance_impact,dance_impact_for_viral_potential_evaluation,critical,both,weak_or_inconsistent_dance_impact,strong_and_clear_dance_impact,dance_impact_not_obvious_in_clip,refine_dance_execution_and_boost_impact,auto_generated_dance_impact_metric
VPR-0183,dance_memorability,dance_memorability_for_viral_potential_evaluation,high,both,weak_or_inconsistent_dance_memorability,strong_and_clear_dance_memorability,dance_memorability_not_obvious_in_clip,refine_dance_execution_and_boost_memorability,auto_generated_dance_memorability_metric
VPR-0184,dance_originality,dance_originality_for_viral_potential_evaluation,medium,both,weak_or_inconsistent_dance_originality,strong_and_clear_dance_originality,dance_originality_not_obvious_in_clip,refine_dance_execution_and_boost_originality,auto_generated_dance_originality_metric
VPR-0185,focus_clarity,focus_clarity_for_viral_potential_evaluation,high,both,weak_or_inconsistent_focus_clarity,strong_and_clear_focus_clarity,focus_clarity_not_obvious_in_clip,refine_focus_execution_and_boost_clarity,auto_generated_focus_clarity_metric
VPR-0186,focus_impact,focus_impact_for_viral_potential_evaluation,critical,both,weak_or_inconsistent_focus_impact,strong_and_clear_focus_impact,focus_impact_not_obvious_in_clip,refine_focus_execution_and_boost_impact,auto_generated_focus_impact_metric
VPR-0187,focus_memorability,focus_memorability_for_viral_potential_evaluation,high,both,weak_or_inconsistent_focus_memorability,strong_and_clear_focus_memorability,focus_memorability_not_obvious_in_clip,refine_focus_execution_and_boost_memorability,auto_generated_focus_memorability_metric
VPR-0188,focus_originality,focus_originality_for_viral_potential_evaluation,medium,both,weak_or_inconsistent_focus_originality,strong_and_clear_focus_originality,focus_originality_not_obvious_in_clip,refine_focus_execution_and_boost_originality,auto_generated_focus_originality_metric
VPR-0189,background_clarity,background_clarity_for_viral_potential_evaluation,high,both,weak_or_inconsistent_background_clarity,strong_and_clear_background_clarity,background_clarity_not_obvious_in_clip,refine_background_execution_and_boost_clarity,auto_generated_background_clarity_metric
VPR-0190,background_impact,background_impact_for_viral_potential_evaluation,critical,both,weak_or_inconsistent_background_impact,strong_and_clear_background_impact,background_impact_not_obvious_in_clip,refine_background_execution_and_boost_impact,auto_generated_background_impact_metric
VPR-0191,background_memorability,background_memorability_for_viral_potential_evaluation,high,both,weak_or_inconsistent_background_memorability,strong_and_clear_background_memorability,background_memorability_not_obvious_in_clip,refine_background_execution_and_boost_memorability,auto_generated_background_memorability_metric
VPR-0192,background_originality,background_originality_for_viral_potential_evaluation,medium,both,weak_or_inconsistent_background_originality,strong_and_clear_background_originality,background_originality_not_obvious_in_clip,refine_background_execution_and_boost_originality,auto_generated_background_originality_metric
VPR-0193,tension_clarity,tension_clarity_for_viral_potential_evaluation,high,both,weak_or_inconsistent_tension_clarity,strong_and_clear_tension_clarity,tension_clarity_not_obvious_in_clip,refine_tension_execution_and_boost_clarity,auto_generated_tension_clarity_metric
VPR-0194,tension_impact,tension_impact_for_viral_potential_evaluation,critical,both,weak_or_inconsistent_tension_impact,strong_and_clear_tension_impact,tension_impact_not_obvious_in_clip,refine_tension_execution_and_boost_impact,auto_generated_tension_impact_metric
VPR-0195,tension_memorability,tension_memorability_for_viral_potential_evaluation,high,both,weak_or_inconsistent_tension_memorability,strong_and_clear_tension_memorability,tension_memorability_not_obvious_in_clip,refine_tension_execution_and_boost_memorability,auto_generated_tension_memorability_metric
VPR-0196,tension_originality,tension_originality_for_viral_potential_evaluation,medium,both,weak_or_inconsistent_tension_originality,strong_and_clear_tension_originality,tension_originality_not_obvious_in_clip,refine_tension_execution_and_boost_originality,auto_generated_tension_originality_metric
VPR-0197,release_clarity,release_clarity_for_viral_potential_evaluation,high,both,weak_or_inconsistent_release_clarity,strong_and_clear_release_clarity,release_clarity_not_obvious_in_clip,refine_release_execution_and_boost_clarity,auto_generated_release_clarity_metric
VPR-0198,release_impact,release_impact_for_viral_potential_evaluation,critical,both,weak_or_inconsistent_release_impact,strong_and_clear_release_impact,release_impact_not_obvious_in_clip,refine_release_execution_and_boost_impact,auto_generated_release_impact_metric
VPR-0199,release_memorability,release_memorability_for_viral_potential_evaluation,high,both,weak_or_inconsistent_release_memorability,strong_and_clear_release_memorability,release_memorability_not_obvious_in_clip,refine_release_execution_and_boost_memorability,auto_generated_release_memorability_metric
VPR-0200,release_originality,release_originality_for_viral_potential_evaluation,medium,both,weak_or_inconsistent_release_originality,strong_and_clear_release_originality,release_originality_not_obvious_in_clip,refine_release_execution_and_boost_originality,auto_generated_release_originality_metric
VPR-0201,pacing_clarity,pacing_clarity_for_viral_potential_evaluation,high,both,weak_or_inconsistent_pacing_clarity,strong_and_clear_pacing_clarity,pacing_clarity_not_obvious_in_clip,refine_pacing_execution_and_boost_clarity,auto_generated_pacing_clarity_metric
VPR-0202,pacing_impact,pacing_impact_for_viral_potential_evaluation,critical,both,weak_or_inconsistent_pacing_impact,strong_and_clear_pacing_impact,pacing_impact_not_obvious_in_clip,refine_pacing_execution_and_boost_impact,auto_generated_pacing_impact_metric
VPR-0203,pacing_memorability,pacing_memorability_for_viral_potential_evaluation,high,both,weak_or_inconsistent_pacing_memorability,strong_and_clear_pacing_memorability,pacing_memorability_not_obvious_in_clip,refine_pacing_execution_and_boost_memorability,auto_generated_pacing_memorability_metric
VPR-0204,pacing_originality,pacing_originality_for_viral_potential_evaluation,medium,both,weak_or_inconsistent_pacing_originality,strong_and_clear_pacing_originality,pacing_originality_not_obvious_in_clip,refine_pacing_execution_and_boost_originality,auto_generated_pacing_originality_metric
VPR-0205,looping_clarity,looping_clarity_for_viral_potential_evaluation,high,tiktok,weak_or_inconsistent_looping_clarity,strong_and_clear_looping_clarity,looping_clarity_not_obvious_in_clip,refine_looping_execution_and_boost_clarity,auto_generated_looping_clarity_metric
VPR-0206,looping_impact,looping_impact_for_viral_potential_evaluation,critical,tiktok,weak_or_inconsistent_looping_impact,strong_and_clear_looping_impact,looping_impact_not_obvious_in_clip,refine_looping_execution_and_boost_impact,auto_generated_looping_impact_metric
VPR-0207,looping_memorability,looping_memorability_for_viral_potential_evaluation,high,tiktok,weak_or_inconsistent_looping_memorability,strong_and_clear_looping_memorability,looping_memorability_not_obvious_in_clip,refine_looping_execution_and_boost_memorability,auto_generated_looping_memorability_metric
VPR-0208,looping_originality,looping_originality_for_viral_potential_evaluation,medium,tiktok,weak_or_inconsistent_looping_originality,strong_and_clear_looping_originality,looping_originality_not_obvious_in_clip,refine_looping_execution_and_boost_originality,auto_generated_looping_originality_metric
VPR-0209,trend_clarity,trend_clarity_for_viral_potential_evaluation,high,tiktok,weak_or_inconsistent_trend_clarity,strong_and_clear_trend_clarity,trend_clarity_not_obvious_in_clip,refine_trend_execution_and_boost_clarity,auto_generated_trend_clarity_metric
VPR-0210,trend_impact,trend_impact_for_viral_potential_evaluation,critical,tiktok,weak_or_inconsistent_trend_impact,strong_and_clear_trend_impact,trend_impact_not_obvious_in_clip,refine_trend_execution_and_boost_impact,auto_generated_trend_impact_metric
VPR-0211,trend_memorability,trend_memorability_for_viral_potential_evaluation,high,tiktok,weak_or_inconsistent_trend_memorability,strong_and_clear_trend_memorability,trend_memorability_not_obvious_in_clip,refine_trend_execution_and_boost_memorability,auto_generated_trend_memorability_metric
VPR-0212,trend_originality,trend_originality_for_viral_potential_evaluation,medium,tiktok,weak_or_inconsistent_trend_originality,strong_and_clear_trend_originality,trend_originality_not_obvious_in_clip,refine_trend_execution_and_boost_originality,auto_generated_trend_originality_metric
VPR-0213,challenge_clarity,challenge_clarity_for_viral_potential_evaluation,high,tiktok,weak_or_inconsistent_challenge_clarity,strong_and_clear_challenge_clarity,challenge_clarity_not_obvious_in_clip,refine_challenge_execution_and_boost_clarity,auto_generated_challenge_clarity_metric
VPR-0214,challenge_impact,challenge_impact_for_viral_potential_evaluation,critical,tiktok,weak_or_inconsistent_challenge_impact,strong_and_clear_challenge_impact,challenge_impact_not_obvious_in_clip,refine_challenge_execution_and_boost_impact,auto_generated_challenge_impact_metric
VPR-0215,challenge_memorability,challenge_memorability_for_viral_potential_evaluation,high,tiktok,weak_or_inconsistent_challenge_memorability,strong_and_clear_challenge_memorability,challenge_memorability_not_obvious_in_clip,refine_challenge_execution_and_boost_memorability,auto_generated_challenge_memorability_metric
VPR-0216,challenge_originality,challenge_originality_for_viral_potential_evaluation,medium,tiktok,weak_or_inconsistent_challenge_originality,strong_and_clear_challenge_originality,challenge_originality_not_obvious_in_clip,refine_challenge_execution_and_boost_originality,auto_generated_challenge_originality_metric
VPR-0217,duet_clarity,duet_clarity_for_viral_potential_evaluation,high,tiktok,weak_or_inconsistent_duet_clarity,strong_and_clear_duet_clarity,duet_clarity_not_obvious_in_clip,refine_duet_execution_and_boost_clarity,auto_generated_duet_clarity_metric
VPR-0218,duet_impact,duet_impact_for_viral_potential_evaluation,critical,tiktok,weak_or_inconsistent_duet_impact,strong_and_clear_duet_impact,duet_impact_not_obvious_in_clip,refine_duet_execution_and_boost_impact,auto_generated_duet_impact_metric
VPR-0219,duet_memorability,duet_memorability_for_viral_potential_evaluation,high,tiktok,weak_or_inconsistent_duet_memorability,strong_and_clear_duet_memorability,duet_memorability_not_obvious_in_clip,refine_duet_execution_and_boost_memorability,auto_generated_duet_memorability_metric
VPR-0220,duet_originality,duet_originality_for_viral_potential_evaluation,medium,tiktok,weak_or_inconsistent_duet_originality,strong_and_clear_duet_originality,duet_originality_not_obvious_in_clip,refine_duet_execution_and_boost_originality,auto_generated_duet_originality_metric
VPR-0221,reaction_clarity,reaction_clarity_for_viral_potential_evaluation,high,tiktok,weak_or_inconsistent_reaction_clarity,strong_and_clear_reaction_clarity,reaction_clarity_not_obvious_in_clip,refine_reaction_execution_and_boost_clarity,auto_generated_reaction_clarity_metric
VPR-0222,reaction_impact,reaction_impact_for_viral_potential_evaluation,critical,tiktok,weak_or_inconsistent_reaction_impact,strong_and_clear_reaction_impact,reaction_impact_not_obvious_in_clip,refine_reaction_execution_and_boost_impact,auto_generated_reaction_impact_metric
VPR-0223,reaction_memorability,reaction_memorability_for_viral_potential_evaluation,high,tiktok,weak_or_inconsistent_reaction_memorability,strong_and_clear_reaction_memorability,reaction_memorability_not_obvious_in_clip,refine_reaction_execution_and_boost_memorability,auto_generated_reaction_memorability_metric
VPR-0224,reaction_originality,reaction_originality_for_viral_potential_evaluation,medium,tiktok,weak_or_inconsistent_reaction_originality,strong_and_clear_reaction_originality,reaction_originality_not_obvious_in_clip,refine_reaction_execution_and_boost_originality,auto_generated_reaction_originality_metric
VPR-0225,meme_clarity,meme_clarity_for_viral_potential_evaluation,high,tiktok,weak_or_inconsistent_meme_clarity,strong_and_clear_meme_clarity,meme_clarity_not_obvious_in_clip,refine_meme_execution_and_boost_clarity,auto_generated_meme_clarity_metric
VPR-0226,meme_impact,meme_impact_for_viral_potential_evaluation,critical,tiktok,weak_or_inconsistent_meme_impact,strong_and_clear_meme_impact,meme_impact_not_obvious_in_clip,refine_meme_execution_and_boost_impact,auto_generated_meme_impact_metric
VPR-0227,meme_memorability,meme_memorability_for_viral_potential_evaluation,high,tiktok,weak_or_inconsistent_meme_memorability,strong_and_clear_meme_memorability,meme_memorability_not_obvious_in_clip,refine_meme_execution_and_boost_memorability,auto_generated_meme_memorability_metric
VPR-0228,meme_originality,meme_originality_for_viral_potential_evaluation,medium,tiktok,weak_or_inconsistent_meme_originality,strong_and_clear_meme_originality,meme_originality_not_obvious_in_clip,refine_meme_execution_and_boost_originality,auto_generated_meme_originality_metric
VPR-0229,format_clarity,format_clarity_for_viral_potential_evaluation,high,tiktok,weak_or_inconsistent_format_clarity,strong_and_clear_format_clarity,format_clarity_not_obvious_in_clip,refine_format_execution_and_boost_clarity,auto_generated_format_clarity_metric
VPR-0230,format_impact,format_impact_for_viral_potential_evaluation,critical,tiktok,weak_or_inconsistent_format_impact,strong_and_clear_format_impact,format_impact_not_obvious_in_clip,refine_format_execution_and_boost_impact,auto_generated_format_impact_metric
VPR-0231,format_memorability,format_memorability_for_viral_potential_evaluation,high,tiktok,weak_or_inconsistent_format_memorability,strong_and_clear_format_memorability,format_memorability_not_obvious_in_clip,refine_format_execution_and_boost_memorability,auto_generated_format_memorability_metric
VPR-0232,format_originality,format_originality_for_viral_potential_evaluation,medium,tiktok,weak_or_inconsistent_format_originality,strong_and_clear_format_originality,format_originality_not_obvious_in_clip,refine_format_execution_and_boost_originality,auto_generated_format_originality_metric
VPR-0233,caption_clarity,caption_clarity_for_viral_potential_evaluation,high,tiktok,weak_or_inconsistent_caption_clarity,strong_and_clear_caption_clarity,caption_clarity_not_obvious_in_clip,refine_caption_execution_and_boost_clarity,auto_generated_caption_clarity_metric
VPR-0234,caption_impact,caption_impact_for_viral_potential_evaluation,critical,tiktok,weak_or_inconsistent_caption_impact,strong_and_clear_caption_impact,caption_impact_not_obvious_in_clip,refine_caption_execution_and_boost_impact,auto_generated_caption_impact_metric
VPR-0235,caption_memorability,caption_memorability_for_viral_potential_evaluation,high,tiktok,weak_or_inconsistent_caption_memorability,strong_and_clear_caption_memorability,caption_memorability_not_obvious_in_clip,refine_caption_execution_and_boost_memorability,auto_generated_caption_memorability_metric
VPR-0236,caption_originality,caption_originality_for_viral_potential_evaluation,medium,tiktok,weak_or_inconsistent_caption_originality,strong_and_clear_caption_originality,caption_originality_not_obvious_in_clip,refine_caption_execution_and_boost_originality,auto_generated_caption_originality_metric
VPR-0237,hashtag_clarity,hashtag_clarity_for_viral_potential_evaluation,high,tiktok,weak_or_inconsistent_hashtag_clarity,strong_and_clear_hashtag_clarity,hashtag_clarity_not_obvious_in_clip,refine_hashtag_execution_and_boost_clarity,auto_generated_hashtag_clarity_metric
VPR-0238,hashtag_impact,hashtag_impact_for_viral_potential_evaluation,critical,tiktok,weak_or_inconsistent_hashtag_impact,strong_and_clear_hashtag_impact,hashtag_impact_not_obvious_in_clip,refine_hashtag_execution_and_boost_impact,auto_generated_hashtag_impact_metric
VPR-0239,hashtag_memorability,hashtag_memorability_for_viral_potential_evaluation,high,tiktok,weak_or_inconsistent_hashtag_memorability,strong_and_clear_hashtag_memorability,hashtag_memorability_not_obvious_in_clip,refine_hashtag_execution_and_boost_memorability,auto_generated_hashtag_memorability_metric
VPR-0240,hashtag_originality,hashtag_originality_for_viral_potential_evaluation,medium,tiktok,weak_or_inconsistent_hashtag_originality,strong_and_clear_hashtag_originality,hashtag_originality_not_obvious_in_clip,refine_hashtag_execution_and_boost_originality,auto_generated_hashtag_originality_metric
VPR-0241,editing_clarity,editing_clarity_for_viral_potential_evaluation,high,tiktok,weak_or_inconsistent_editing_clarity,strong_and_clear_editing_clarity,editing_clarity_not_obvious_in_clip,refine_editing_execution_and_boost_clarity,auto_generated_editing_clarity_metric
VPR-0242,editing_impact,editing_impact_for_viral_potential_evaluation,critical,tiktok,weak_or_inconsistent_editing_impact,strong_and_clear_editing_impact,editing_impact_not_obvious_in_clip,refine_editing_execution_and_boost_impact,auto_generated_editing_impact_metric
VPR-0243,editing_memorability,editing_memorability_for_viral_potential_evaluation,high,tiktok,weak_or_inconsistent_editing_memorability,strong_and_clear_editing_memorability,editing_memorability_not_obvious_in_clip,refine_editing_execution_and_boost_memorability,auto_generated_editing_memorability_metric
VPR-0244,editing_originality,editing_originality_for_viral_potential_evaluation,medium,tiktok,weak_or_inconsistent_editing_originality,strong_and_clear_editing_originality,editing_originality_not_obvious_in_clip,refine_editing_execution_and_boost_originality,auto_generated_editing_originality_metric
VPR-0245,camera_clarity,camera_clarity_for_viral_potential_evaluation,high,tiktok,weak_or_inconsistent_camera_clarity,strong_and_clear_camera_clarity,camera_clarity_not_obvious_in_clip,refine_camera_execution_and_boost_clarity,auto_generated_camera_clarity_metric
VPR-0246,camera_impact,camera_impact_for_viral_potential_evaluation,critical,tiktok,weak_or_inconsistent_camera_impact,strong_and_clear_camera_impact,camera_impact_not_obvious_in_clip,refine_camera_execution_and_boost_impact,auto_generated_camera_impact_metric
VPR-0247,camera_memorability,camera_memorability_for_viral_potential_evaluation,high,tiktok,weak_or_inconsistent_camera_memorability,strong_and_clear_camera_memorability,camera_memorability_not_obvious_in_clip,refine_camera_execution_and_boost_memorability,auto_generated_camera_memorability_metric
VPR-0248,camera_originality,camera_originality_for_viral_potential_evaluation,medium,tiktok,weak_or_inconsistent_camera_originality,strong_and_clear_camera_originality,camera_originality_not_obvious_in_clip,refine_camera_execution_and_boost_originality,auto_generated_camera_originality_metric
VPR-0249,lighting_clarity,lighting_clarity_for_viral_potential_evaluation,high,tiktok,weak_or_inconsistent_lighting_clarity,strong_and_clear_lighting_clarity,lighting_clarity_not_obvious_in_clip,refine_lighting_execution_and_boost_clarity,auto_generated_lighting_clarity_metric
VPR-0250,lighting_impact,lighting_impact_for_viral_potential_evaluation,critical,tiktok,weak_or_inconsistent_lighting_impact,strong_and_clear_lighting_impact,lighting_impact_not_obvious_in_clip,refine_lighting_execution_and_boost_impact,auto_generated_lighting_impact_metric
VPR-0251,lighting_memorability,lighting_memorability_for_viral_potential_evaluation,high,tiktok,weak_or_inconsistent_lighting_memorability,strong_and_clear_lighting_memorability,lighting_memorability_not_obvious_in_clip,refine_lighting_execution_and_boost_memorability,auto_generated_lighting_memorability_metric
VPR-0252,lighting_originality,lighting_originality_for_viral_potential_evaluation,medium,tiktok,weak_or_inconsistent_lighting_originality,strong_and_clear_lighting_originality,lighting_originality_not_obvious_in_clip,refine_lighting_execution_and_boost_originality,auto_generated_lighting_originality_metric
VPR-0253,outfit_clarity,outfit_clarity_for_viral_potential_evaluation,high,tiktok,weak_or_inconsistent_outfit_clarity,strong_and_clear_outfit_clarity,outfit_clarity_not_obvious_in_clip,refine_outfit_execution_and_boost_clarity,auto_generated_outfit_clarity_metric
VPR-0254,outfit_impact,outfit_impact_for_viral_potential_evaluation,critical,tiktok,weak_or_inconsistent_outfit_impact,strong_and_clear_outfit_impact,outfit_impact_not_obvious_in_clip,refine_outfit_execution_and_boost_impact,auto_generated_outfit_impact_metric
VPR-0255,outfit_memorability,outfit_memorability_for_viral_potential_evaluation,high,tiktok,weak_or_inconsistent_outfit_memorability,strong_and_clear_outfit_memorability,outfit_memorability_not_obvious_in_clip,refine_outfit_execution_and_boost_memorability,auto_generated_outfit_memorability_metric
VPR-0256,outfit_originality,outfit_originality_for_viral_potential_evaluation,medium,tiktok,weak_or_inconsistent_outfit_originality,strong_and_clear_outfit_originality,outfit_originality_not_obvious_in_clip,refine_outfit_execution_and_boost_originality,auto_generated_outfit_originality_metric
VPR-0257,makeup_clarity,makeup_clarity_for_viral_potential_evaluation,high,tiktok,weak_or_inconsistent_makeup_clarity,strong_and_clear_makeup_clarity,makeup_clarity_not_obvious_in_clip,refine_makeup_execution_and_boost_clarity,auto_generated_makeup_clarity_metric
VPR-0258,makeup_impact,makeup_impact_for_viral_potential_evaluation,critical,tiktok,weak_or_inconsistent_makeup_impact,strong_and_clear_makeup_impact,makeup_impact_not_obvious_in_clip,refine_makeup_execution_and_boost_impact,auto_generated_makeup_impact_metric
VPR-0259,makeup_memorability,makeup_memorability_for_viral_potential_evaluation,high,tiktok,weak_or_inconsistent_makeup_memorability,strong_and_clear_makeup_memorability,makeup_memorability_not_obvious_in_clip,refine_makeup_execution_and_boost_memorability,auto_generated_makeup_memorability_metric
VPR-0260,makeup_originality,makeup_originality_for_viral_potential_evaluation,medium,tiktok,weak_or_inconsistent_makeup_originality,strong_and_clear_makeup_originality,makeup_originality_not_obvious_in_clip,refine_makeup_execution_and_boost_originality,auto_generated_makeup_originality_metric
VPR-0261,location_clarity,location_clarity_for_viral_potential_evaluation,high,tiktok,weak_or_inconsistent_location_clarity,strong_and_clear_location_clarity,location_clarity_not_obvious_in_clip,refine_location_execution_and_boost_clarity,auto_generated_location_clarity_metric
VPR-0262,location_impact,location_impact_for_viral_potential_evaluation,critical,tiktok,weak_or_inconsistent_location_impact,strong_and_clear_location_impact,location_impact_not_obvious_in_clip,refine_location_execution_and_boost_impact,auto_generated_location_impact_metric
VPR-0263,location_memorability,location_memorability_for_viral_potential_evaluation,high,tiktok,weak_or_inconsistent_location_memorability,strong_and_clear_location_memorability,location_memorability_not_obvious_in_clip,refine_location_execution_and_boost_memorability,auto_generated_location_memorability_metric
VPR-0264,location_originality,location_originality_for_viral_potential_evaluation,medium,tiktok,weak_or_inconsistent_location_originality,strong_and_clear_location_originality,location_originality_not_obvious_in_clip,refine_location_execution_and_boost_originality,auto_generated_location_originality_metric
VPR-0265,props_clarity,props_clarity_for_viral_potential_evaluation,high,tiktok,weak_or_inconsistent_props_clarity,strong_and_clear_props_clarity,props_clarity_not_obvious_in_clip,refine_props_execution_and_boost_clarity,auto_generated_props_clarity_metric
VPR-0266,props_impact,props_impact_for_viral_potential_evaluation,critical,tiktok,weak_or_inconsistent_props_impact,strong_and_clear_props_impact,props_impact_not_obvious_in_clip,refine_props_execution_and_boost_impact,auto_generated_props_impact_metric
VPR-0267,props_memorability,props_memorability_for_viral_potential_evaluation,high,tiktok,weak_or_inconsistent_props_memorability,strong_and_clear_props_memorability,props_memorability_not_obvious_in_clip,refine_props_execution_and_boost_memorability,auto_generated_props_memorability_metric
VPR-0268,props_originality,props_originality_for_viral_potential_evaluation,medium,tiktok,weak_or_inconsistent_props_originality,strong_and_clear_props_originality,props_originality_not_obvious_in_clip,refine_props_execution_and_boost_originality,auto_generated_props_originality_metric
VPR-0269,animation_clarity,animation_clarity_for_viral_potential_evaluation,high,tiktok,weak_or_inconsistent_animation_clarity,strong_and_clear_animation_clarity,animation_clarity_not_obvious_in_clip,refine_animation_execution_and_boost_clarity,auto_generated_animation_clarity_metric
VPR-0270,animation_impact,animation_impact_for_viral_potential_evaluation,critical,tiktok,weak_or_inconsistent_animation_impact,strong_and_clear_animation_impact,animation_impact_not_obvious_in_clip,refine_animation_execution_and_boost_impact,auto_generated_animation_impact_metric
VPR-0271,animation_memorability,animation_memorability_for_viral_potential_evaluation,high,tiktok,weak_or_inconsistent_animation_memorability,strong_and_clear_animation_memorability,animation_memorability_not_obvious_in_clip,refine_animation_execution_and_boost_memorability,auto_generated_animation_memorability_metric
VPR-0272,animation_originality,animation_originality_for_viral_potential_evaluation,medium,tiktok,weak_or_inconsistent_animation_originality,strong_and_clear_animation_originality,animation_originality_not_obvious_in_clip,refine_animation_execution_and_boost_originality,auto_generated_animation_originality_metric
VPR-0273,effect_clarity,effect_clarity_for_viral_potential_evaluation,high,tiktok,weak_or_inconsistent_effect_clarity,strong_and_clear_effect_clarity,effect_clarity_not_obvious_in_clip,refine_effect_execution_and_boost_clarity,auto_generated_effect_clarity_metric
VPR-0274,effect_impact,effect_impact_for_viral_potential_evaluation,critical,tiktok,weak_or_inconsistent_effect_impact,strong_and_clear_effect_impact,effect_impact_not_obvious_in_clip,refine_effect_execution_and_boost_impact,auto_generated_effect_impact_metric
VPR-0275,effect_memorability,effect_memorability_for_viral_potential_evaluation,high,tiktok,weak_or_inconsistent_effect_memorability,strong_and_clear_effect_memorability,effect_memorability_not_obvious_in_clip,refine_effect_execution_and_boost_memorability,auto_generated_effect_memorability_metric
VPR-0276,effect_originality,effect_originality_for_viral_potential_evaluation,medium,tiktok,weak_or_inconsistent_effect_originality,strong_and_clear_effect_originality,effect_originality_not_obvious_in_clip,refine_effect_execution_and_boost_originality,auto_generated_effect_originality_metric
VPR-0277,glitch_clarity,glitch_clarity_for_viral_potential_evaluation,high,tiktok,weak_or_inconsistent_glitch_clarity,strong_and_clear_glitch_clarity,glitch_clarity_not_obvious_in_clip,refine_glitch_execution_and_boost_clarity,auto_generated_glitch_clarity_metric
VPR-0278,glitch_impact,glitch_impact_for_viral_potential_evaluation,critical,tiktok,weak_or_inconsistent_glitch_impact,strong_and_clear_glitch_impact,glitch_impact_not_obvious_in_clip,refine_glitch_execution_and_boost_impact,auto_generated_glitch_impact_metric
VPR-0279,glitch_memorability,glitch_memorability_for_viral_potential_evaluation,high,tiktok,weak_or_inconsistent_glitch_memorability,strong_and_clear_glitch_memorability,glitch_memorability_not_obvious_in_clip,refine_glitch_execution_and_boost_memorability,auto_generated_glitch_memorability_metric
VPR-0280,glitch_originality,glitch_originality_for_viral_potential_evaluation,medium,tiktok,weak_or_inconsistent_glitch_originality,strong_and_clear_glitch_originality,glitch_originality_not_obvious_in_clip,refine_glitch_execution_and_boost_originality,auto_generated_glitch_originality_metric
VPR-0281,zoom_clarity,zoom_clarity_for_viral_potential_evaluation,high,tiktok,weak_or_inconsistent_zoom_clarity,strong_and_clear_zoom_clarity,zoom_clarity_not_obvious_in_clip,refine_zoom_execution_and_boost_clarity,auto_generated_zoom_clarity_metric
VPR-0282,zoom_impact,zoom_impact_for_viral_potential_evaluation,critical,tiktok,weak_or_inconsistent_zoom_impact,strong_and_clear_zoom_impact,zoom_impact_not_obvious_in_clip,refine_zoom_execution_and_boost_impact,auto_generated_zoom_impact_metric
VPR-0283,zoom_memorability,zoom_memorability_for_viral_potential_evaluation,high,tiktok,weak_or_inconsistent_zoom_memorability,strong_and_clear_zoom_memorability,zoom_memorability_not_obvious_in_clip,refine_zoom_execution_and_boost_memorability,auto_generated_zoom_memorability_metric
VPR-0284,zoom_originality,zoom_originality_for_viral_potential_evaluation,medium,tiktok,weak_or_inconsistent_zoom_originality,strong_and_clear_zoom_originality,zoom_originality_not_obvious_in_clip,refine_zoom_execution_and_boost_originality,auto_generated_zoom_originality_metric
VPR-0285,cut_clarity,cut_clarity_for_viral_potential_evaluation,high,tiktok,weak_or_inconsistent_cut_clarity,strong_and_clear_cut_clarity,cut_clarity_not_obvious_in_clip,refine_cut_execution_and_boost_clarity,auto_generated_cut_clarity_metric
VPR-0286,cut_impact,cut_impact_for_viral_potential_evaluation,critical,tiktok,weak_or_inconsistent_cut_impact,strong_and_clear_cut_impact,cut_impact_not_obvious_in_clip,refine_cut_execution_and_boost_impact,auto_generated_cut_impact_metric
VPR-0287,cut_memorability,cut_memorability_for_viral_potential_evaluation,high,tiktok,weak_or_inconsistent_cut_memorability,strong_and_clear_cut_memorability,cut_memorability_not_obvious_in_clip,refine_cut_execution_and_boost_memorability,auto_generated_cut_memorability_metric
VPR-0288,cut_originality,cut_originality_for_viral_potential_evaluation,medium,tiktok,weak_or_inconsistent_cut_originality,strong_and_clear_cut_originality,cut_originality_not_obvious_in_clip,refine_cut_execution_and_boost_originality,auto_generated_cut_originality_metric
VPR-0289,text_overlay_clarity,text_overlay_clarity_for_viral_potential_evaluation,high,tiktok,weak_or_inconsistent_text_overlay_clarity,strong_and_clear_text_overlay_clarity,text_overlay_clarity_not_obvious_in_clip,refine_text_overlay_execution_and_boost_clarity,auto_generated_text_overlay_clarity_metric
VPR-0290,text_overlay_impact,text_overlay_impact_for_viral_potential_evaluation,critical,tiktok,weak_or_inconsistent_text_overlay_impact,strong_and_clear_text_overlay_impact,text_overlay_impact_not_obvious_in_clip,refine_text_overlay_execution_and_boost_impact,auto_generated_text_overlay_impact_metric
VPR-0291,text_overlay_memorability,text_overlay_memorability_for_viral_potential_evaluation,high,tiktok,weak_or_inconsistent_text_overlay_memorability,strong_and_clear_text_overlay_memorability,text_overlay_memorability_not_obvious_in_clip,refine_text_overlay_execution_and_boost_memorability,auto_generated_text_overlay_memorability_metric
VPR-0292,text_overlay_originality,text_overlay_originality_for_viral_potential_evaluation,medium,tiktok,weak_or_inconsistent_text_overlay_originality,strong_and_clear_text_overlay_originality,text_overlay_originality_not_obvious_in_clip,refine_text_overlay_execution_and_boost_originality,auto_generated_text_overlay_originality_metric
VPR-0293,subtitle_clarity,subtitle_clarity_for_viral_potential_evaluation,high,tiktok,weak_or_inconsistent_subtitle_clarity,strong_and_clear_subtitle_clarity,subtitle_clarity_not_obvious_in_clip,refine_subtitle_execution_and_boost_clarity,auto_generated_subtitle_clarity_metric
VPR-0294,subtitle_impact,subtitle_impact_for_viral_potential_evaluation,critical,tiktok,weak_or_inconsistent_subtitle_impact,strong_and_clear_subtitle_impact,subtitle_impact_not_obvious_in_clip,refine_subtitle_execution_and_boost_impact,auto_generated_subtitle_impact_metric
VPR-0295,subtitle_memorability,subtitle_memorability_for_viral_potential_evaluation,high,tiktok,weak_or_inconsistent_subtitle_memorability,strong_and_clear_subtitle_memorability,subtitle_memorability_not_obvious_in_clip,refine_subtitle_execution_and_boost_memorability,auto_generated_subtitle_memorability_metric
VPR-0296,subtitle_originality,subtitle_originality_for_viral_potential_evaluation,medium,tiktok,weak_or_inconsistent_subtitle_originality,strong_and_clear_subtitle_originality,subtitle_originality_not_obvious_in_clip,refine_subtitle_execution_and_boost_originality,auto_generated_subtitle_originality_metric
VPR-0297,beat_sync_clarity,beat_sync_clarity_for_viral_potential_evaluation,high,tiktok,weak_or_inconsistent_beat_sync_clarity,strong_and_clear_beat_sync_clarity,beat_sync_clarity_not_obvious_in_clip,refine_beat_sync_execution_and_boost_clarity,auto_generated_beat_sync_clarity_metric
VPR-0298,beat_sync_impact,beat_sync_impact_for_viral_potential_evaluation,critical,tiktok,weak_or_inconsistent_beat_sync_impact,strong_and_clear_beat_sync_impact,beat_sync_impact_not_obvious_in_clip,refine_beat_sync_execution_and_boost_impact,auto_generated_beat_sync_impact_metric
VPR-0299,beat_sync_memorability,beat_sync_memorability_for_viral_potential_evaluation,high,tiktok,weak_or_inconsistent_beat_sync_memorability,strong_and_clear_beat_sync_memorability,beat_sync_memorability_not_obvious_in_clip,refine_beat_sync_execution_and_boost_memorability,auto_generated_beat_sync_memorability_metric
VPR-0300,beat_sync_originality,beat_sync_originality_for_viral_potential_evaluation,medium,tiktok,weak_or_inconsistent_beat_sync_originality,strong_and_clear_beat_sync_originality,beat_sync_originality_not_obvious_in_clip,refine_beat_sync_execution_and_boost_originality,auto_generated_beat_sync_originality_metric
VPR-0301,silence_clarity,silence_clarity_for_viral_potential_evaluation,high,both,weak_or_inconsistent_silence_clarity,strong_and_clear_silence_clarity,silence_clarity_not_obvious_in_clip,refine_silence_execution_and_boost_clarity,auto_generated_silence_clarity_metric
VPR-0302,silence_impact,silence_impact_for_viral_potential_evaluation,critical,both,weak_or_inconsistent_silence_impact,strong_and_clear_silence_impact,silence_impact_not_obvious_in_clip,refine_silence_execution_and_boost_impact,auto_generated_silence_impact_metric
VPR-0303,silence_memorability,silence_memorability_for_viral_potential_evaluation,high,both,weak_or_inconsistent_silence_memorability,strong_and_clear_silence_memorability,silence_memorability_not_obvious_in_clip,refine_silence_execution_and_boost_memorability,auto_generated_silence_memorability_metric
VPR-0304,silence_originality,silence_originality_for_viral_potential_evaluation,medium,both,weak_or_inconsistent_silence_originality,strong_and_clear_silence_originality,silence_originality_not_obvious_in_clip,refine_silence_execution_and_boost_originality,auto_generated_silence_originality_metric
VPR-0305,pause_clarity,pause_clarity_for_viral_potential_evaluation,high,both,weak_or_inconsistent_pause_clarity,strong_and_clear_pause_clarity,pause_clarity_not_obvious_in_clip,refine_pause_execution_and_boost_clarity,auto_generated_pause_clarity_metric
VPR-0306,pause_impact,pause_impact_for_viral_potential_evaluation,critical,both,weak_or_inconsistent_pause_impact,strong_and_clear_pause_impact,pause_impact_not_obvious_in_clip,refine_pause_execution_and_boost_impact,auto_generated_pause_impact_metric
VPR-0307,pause_memorability,pause_memorability_for_viral_potential_evaluation,high,both,weak_or_inconsistent_pause_memorability,strong_and_clear_pause_memorability,pause_memorability_not_obvious_in_clip,refine_pause_execution_and_boost_memorability,auto_generated_pause_memorability_metric
VPR-0308,pause_originality,pause_originality_for_viral_potential_evaluation,medium,both,weak_or_inconsistent_pause_originality,strong_and_clear_pause_originality,pause_originality_not_obvious_in_clip,refine_pause_execution_and_boost_originality,auto_generated_pause_originality_metric
